insert into users (id, login_name, password_hash, role_name) values (-1, 'user', 'PBKDF2WithHmacSHA256:2048:e9vXAAs/amAf2/PT/eVw2UbG6DcdtIZArf0FqMG8ClI=:UTOAQ8LsucZL3nua/RQj3VyDid3KhaSUFc5AaVI8T4A=', 'USER')
insert into users (id, login_name, password_hash, role_name) values (-4, 'john', 'PBKDF2WithHmacSHA256:2048:e9vXAAs/amAf2/PT/eVw2UbG6DcdtIZArf0FqMG8ClI=:UTOAQ8LsucZL3nua/RQj3VyDid3KhaSUFc5AaVI8T4A=', 'USER')
insert into users (id, login_name, password_hash, role_name) values (-2, 'manager', 'PBKDF2WithHmacSHA256:2048:e9vXAAs/amAf2/PT/eVw2UbG6DcdtIZArf0FqMG8ClI=:UTOAQ8LsucZL3nua/RQj3VyDid3KhaSUFc5AaVI8T4A=', 'MANAGER')
insert into users (id, login_name, password_hash, role_name) values (-3, 'admin', 'PBKDF2WithHmacSHA256:2048:e9vXAAs/amAf2/PT/eVw2UbG6DcdtIZArf0FqMG8ClI=:UTOAQ8LsucZL3nua/RQj3VyDid3KhaSUFc5AaVI8T4A=', 'ADMIN')

insert into flags (id, name, capital) values (-1,'Malta','Valletta')

insert into vesseltypes (id, type, description) values (-1,'Oil Tanker', 'Crude oil carrier')
insert into vesseltypes (id, type, description) values (-2,'Bulk Carrier', 'Crude oil carrier')

insert into shipyards (id, name, country ) values (-1,'Trogir Shipyard', 'CROATIA')
insert into shipyards (id, name, country ) values (-2,'Belfast Shipyard', 'belfast')
insert into shipyards (id, name, country ) values (-3,'Mitsubishi Shipyard', 'Japan')

insert into vessels (id, name, vesseltype_id,  imo, year, deadweight, speed, shipyard_id, flag_id) values(-1,'Type99', -1,'1234567', 1990, 50000, 15, -3,-1)
insert into vessels (id, name, vesseltype_id,  imo, year, deadweight, speed, shipyard_id, flag_id) values(-2,'Type88', -1,'1234567', 1800, 47197, 12, -1,-1)
insert into vessels (id, name, vesseltype_id,  imo, year, deadweight, speed, shipyard_id, flag_id) values(-3,'Type92', -1,'1234567', 2000, 47597, 12, -1,-1)
insert into vessels (id, name, vesseltype_id,  imo, year, deadweight, speed, shipyard_id, flag_id) values(-4,'Type99', -1,'1234567', 2020, 47197, 12, -2,-1)
insert into vessels (id, name, vesseltype_id,  imo, year, deadweight, speed, shipyard_id, flag_id) values(-5,'Type33', -1,'1234567', 1999, 47397, 20, -2,-1)
insert into vessels (id, name, vesseltype_id,  imo, year, deadweight, speed, shipyard_id, flag_id) values(-6,'Type99', -1,'1234567', 1888, 47197, 14, -1,-1)
insert into vessels (id, name, vesseltype_id,  imo, year, deadweight, speed, shipyard_id, flag_id) values(-7,'Type44', -2,'1234567', 2010, 47197, 12, -3,-1)
insert into vessels (id, name, vesseltype_id,  imo, year, deadweight, speed, shipyard_id, flag_id) values(-8,'Type66', -1,'1234567', 2100, 47197, 11, -1,-1)
insert into vessels (id, name, vesseltype_id,  imo, year, deadweight, speed, shipyard_id, flag_id) values(-9,'Type20', -1,'1234567', 1990, 47197, 12, -2,-1)
insert into vessels (id, name, vesseltype_id,  imo, year, deadweight, speed, shipyard_id, flag_id) values(-10,'Type10',-1, '1234567', 1990, 47197, 12, -1, -1)
insert into vessels (id, name, vesseltype_id,  imo, year, deadweight, speed, shipyard_id, flag_id) values(-11,'Type97',-2, '1234567', 1990, 47097, 12, -1, -1)
insert into vessels (id, name, vesseltype_id,  imo, year, deadweight, speed, shipyard_id, flag_id) values(-12,'Type99',-1, '1234567', 1990, 37197, 16, -1, -1)
insert into vessels (id, name, vesseltype_id,  imo, year, deadweight, speed, shipyard_id, flag_id) values(-13,'Type99',-1, '1234567', 1990, 47197, 12, -1, -1)
insert into vessels (id, name, vesseltype_id,  imo, year, deadweight, speed, shipyard_id, flag_id) values(-14,'Type99',-1, '1234567', 1990, 47197, 12, -2, -1)
insert into vessels (id, name, vesseltype_id,  imo, year, deadweight, speed, shipyard_id, flag_id) values(-15,'Type99',-2, '1234567', 1990, 47197, 12, -1, -1)
insert into vessels (id, name, vesseltype_id,  imo, year, deadweight, speed, shipyard_id, flag_id) values(-16,'Type99',-1, '1234567', 1990, 47197, 12, -1, -1)
insert into vessels (id, name, vesseltype_id,  imo, year, deadweight, speed, shipyard_id, flag_id) values(-17,'Type99',-1, '1234567', 1990, 47197, 12, -2, -1)
insert into vessels (id, name, vesseltype_id,  imo, year, deadweight, speed, shipyard_id, flag_id) values(-18,'Type99',-5, '1234567', 1990, 47197, 12, -2, -1)
insert into vessels (id, name, vesseltype_id,  imo, year, deadweight, speed, shipyard_id, flag_id) values(-19,'Type99',-1, '1234567', 1990, 47197, 12, -3, -1)
insert into vessels (id, name, vesseltype_id,  imo, year, deadweight, speed, shipyard_id, flag_id) values(-20,'Type99',-1, '1234567', 1990, 47197, 12, -2, -1)
insert into vessels (id, name, vesseltype_id,  imo, year, deadweight, speed, shipyard_id, flag_id) values(-21,'Type80',-1, '1234567', 1990, 47197, 12, -2, -1)
insert into vessels (id, name, vesseltype_id,  imo, year, deadweight, speed, shipyard_id, flag_id) values(-22,'Type99',-2, '1234567', 1990, 37197, 16, -1, -1)
insert into vessels (id, name, vesseltype_id,  imo, year, deadweight, speed, shipyard_id, flag_id) values(-23,'Type99',-1, '1234567', 1990, 47197, 12, -1, -1)
insert into vessels (id, name, vesseltype_id,  imo, year, deadweight, speed, shipyard_id, flag_id) values(-24,'Type14',-1, '1234567', 1990, 47197, 12, -2, -1)
insert into vessels (id, name, vesseltype_id,  imo, year, deadweight, speed, shipyard_id, flag_id) values(-25,'Type99',-2, '1234567', 1990, 47197, 12, -1, -1)
insert into vessels (id, name, vesseltype_id,  imo, year, deadweight, speed, shipyard_id, flag_id) values(-26,'Type99',-1, '1234567', 1990, 47197, 12, -1, -1)
insert into vessels (id, name, vesseltype_id,  imo, year, deadweight, speed, shipyard_id, flag_id) values(-27,'Type99',-2, '1234567', 1990, 47197, 12, -2, -1)
insert into vessels (id, name, vesseltype_id,  imo, year, deadweight, speed, shipyard_id, flag_id) values(-28,'Type99',-1, '1234567', 1990, 47197, 12, -2, -1)
insert into vessels (id, name, vesseltype_id,  imo, year, deadweight, speed, shipyard_id, flag_id) values(-29,'Type99',-1, '1234567', 1990, 47197, 12, -3, -1)
insert into vessels (id, name, vesseltype_id,  imo, year, deadweight, speed, shipyard_id, flag_id) values(-30,'Type99',-1, '1234567', 1990, 47197, 12, -2, -1)
insert into vessels (id, name, vesseltype_id,  imo, year, deadweight, speed, shipyard_id, flag_id) values(-31,'Type80',-1, '1234567', 1990, 47197, 12, -2, -1)
insert into vessels (id, name, vesseltype_id,  imo, year, deadweight, speed, shipyard_id, flag_id) values(-32,'Type99',-2, '1234567', 1990, 37197, 16, -1, -1)
insert into vessels (id, name, vesseltype_id,  imo, year, deadweight, speed, shipyard_id, flag_id) values(-33,'Type99',-1, '1234567', 1990, 47197, 12, -1, -1)
insert into vessels (id, name, vesseltype_id,  imo, year, deadweight, speed, shipyard_id, flag_id) values(-34,'Type14',-1, '1234567', 1990, 47197, 12, -2, -1)
insert into vessels (id, name, vesseltype_id,  imo, year, deadweight, speed, shipyard_id, flag_id) values(-35,'Type99',-2, '1234567', 1990, 47197, 12, -1, -1)
insert into vessels (id, name, vesseltype_id,  imo, year, deadweight, speed, shipyard_id, flag_id) values(-36,'Type99',-1, '1234567', 1990, 47197, 12, -1, -1)
insert into vessels (id, name, vesseltype_id,  imo, year, deadweight, speed, shipyard_id, flag_id) values(-37,'Type99',-2, '1234567', 1990, 47197, 12, -2, -1)
insert into vessels (id, name, vesseltype_id,  imo, year, deadweight, speed, shipyard_id, flag_id) values(-38,'Type99',-1, '1234567', 1990, 47197, 12, -2, -1)
insert into vessels (id, name, vesseltype_id,  imo, year, deadweight, speed, shipyard_id, flag_id) values(-39,'Type99',-1, '1234567', 1990, 47197, 12, -3, -1)
insert into vessels (id, name, vesseltype_id,  imo, year, deadweight, speed, shipyard_id, flag_id) values(-40,'Type99',-1, '1234567', 1990, 47197, 12, -2, -1)
insert into vessels (id, name, vesseltype_id,  imo, year, deadweight, speed, shipyard_id, flag_id) values(-41,'Type80',-1, '1234567', 1990, 47197, 12, -2, -1)
insert into vessels (id, name, vesseltype_id,  imo, year, deadweight, speed, shipyard_id, flag_id) values(-42,'Type99',-2, '1234567', 1990, 37197, 16, -1, -1)
insert into vessels (id, name, vesseltype_id,  imo, year, deadweight, speed, shipyard_id, flag_id) values(-43,'Type99',-1, '1234567', 1990, 47197, 12, -1, -1)
insert into vessels (id, name, vesseltype_id,  imo, year, deadweight, speed, shipyard_id, flag_id) values(-44,'Type14',-1, '1234567', 1990, 47197, 12, -2, -1)
insert into vessels (id, name, vesseltype_id,  imo, year, deadweight, speed, shipyard_id, flag_id) values(-45,'Type99',-2, '1234567', 1990, 47197, 12, -1, -1)
insert into vessels (id, name, vesseltype_id,  imo, year, deadweight, speed, shipyard_id, flag_id) values(-46,'Type99',-1, '1234567', 1990, 47197, 12, -1, -1)
insert into vessels (id, name, vesseltype_id,  imo, year, deadweight, speed, shipyard_id, flag_id) values(-47,'Type99',-2, '1234567', 1990, 47197, 12, -2, -1)
insert into vessels (id, name, vesseltype_id,  imo, year, deadweight, speed, shipyard_id, flag_id) values(-48,'Type99',-1, '1234567', 1990, 47197, 12, -2, -1)
insert into vessels (id, name, vesseltype_id,  imo, year, deadweight, speed, shipyard_id, flag_id) values(-49,'Type99',-1, '1234567', 1990, 47197, 12, -3, -1)